Продукт,Старая цена,Новая цена,Процент скидки,Время акции
"Макароны MAKFA®, перья, 450г",74.99,44.99,-40%,С 2023-11-29 по 2023-12-05
"Конфеты TOFFIFEE, шоколадные, 125г",189.99,139.99,-26%,С 2023-11-29 по 2023-12-05
"Печенье CHOCO PIE в шоколадной глазури, 360г",201.99,139.99,-31%,С 2023-11-29 по 2023-12-05
"Капсулы для стирки ЛОСК Дуо-капс Колор, 12шт.",459.99,269.99,-41%,С 2023-11-29 по 2023-12-05
"Дезодорант-спрей REXONA®, Секси, 150мл",249.99,159.99,-36%,С 2023-11-29 по 2023-12-05
"Корм для кошек WHISKAS® паштет курица-индейка, 75г",26.99,20.99,-22%,С 2023-11-29 по 2023-12-05
"Конфеты ОТЛОМИ, вафельные с карамелью (Акконд), 100г",60.49,44.99,-26%,С 2023-11-29 по 2023-12-05
"Шпроты ВКУСНЫЕ КОНСЕРВЫ крупные в масле, 240г",173.99,119.99,-31%,С 2023-11-29 по 2023-12-05
"Сок САДЫ ПРИДОНЬЯ, яблочный, прямого отжима, 1л",123.99,89.99,-27%,С 2023-11-29 по 2023-12-05
"Туалетная бумага PAPIA, Папия, Балийский цветок, 3-слойная, 8 рулонов",309.99,189.99,-39%,С 2023-11-29 по 2023-12-05
"Кофе AMBASSADOR Platinum, растворимый, 190г",899.99,419.99,-53%,С 2023-11-29 по 2023-12-05
"Шоколад РОССИЯ, Молочный пористый, 82г",95.49,49.99,-48%,С 2023-11-29 по 2023-12-05
"Чай чёрный TESS фруктовый, 100пакетиков",378.99,249.99,-34%,С 2023-11-29 по 2023-12-05
"Вино МАР ЛИНДО красное сухое (Португалия), 0,75л",699.99,499.99,-29%,С 2023-11-15 по 2023-12-12
"Вино АЛЬТОЦАНО Вердехо Совиньон Блан белое сухое (Испания), 0,75л",699.99,549.99,-21%,С 2023-11-15 по 2023-12-12
"Вино АЛАЗАНСКАЯ ДОЛИНА Болеро белое полусладкое (Грузия), 0,75л",449.99,299.99,-33%,С 2023-11-15 по 2023-12-12
"Вино МОЛОКО ЛЮБИМОЙ ЖЕНЩИНЫ белое полусладкое (Германия), 0,75л",649.99,499.99,-23%,С 2023-11-15 по 2023-12-12
"Вино ШАТО ТАМАНЬ Вайн Серфинг Шардоне белое полусладкое, 0,75",399.99,299.99,-25%,С 2023-11-15 по 2023-12-12
"Вино ШАТО ТАМАНЬ Вайн Серфинг Мерло красное полусладкое, 0,75л",399.99,299.99,-25%,С 2023-11-15 по 2023-12-12
"Вино ТАМАНСКИЕ ХОЛМЫ красное полусладкое, 0,7л",299.99,249.99,-17%,С 2023-11-15 по 2023-12-12
"Вино ИРОНСАН Совиньон Блан, белое, сухое, 0,75л",599.99,399.99,-33%,С 2023-11-15 по 2023-12-12
"Варенье МЕДОВЫЙ ДОМ Лесные ягоды, 300г",179.99,114.99,-36%,С 2023-11-15 по 2023-12-12
"Мёд МЕДОВЫЙ ДОМ цветочный разнотравье, 250г",189.99,139.99,-26%,С 2023-11-15 по 2023-12-12
"Оленина СТАНДАРТ тушеная особая (Курганский), 338г",239.99,179.99,-25%,С 2023-11-15 по 2023-12-12
"Мёд натуральный УЛЬЕГРАД Таёжный цветочный, 350г",249.99,179.99,-28%,С 2023-11-15 по 2023-12-12
"Кофе ФРЕСКО ДОППИО, растворимый, сублимированный, 100г",459.99,229.99,-50%,С 2023-11-15 по 2023-12-12
"Нить зубная ORAL-B®, Эсеншиал Флосс, 50м",359.99,299.99,-17%,С 2023-09-20 по 2023-12-31
"Шоколадное яйцо KINDER Макси, 100г",529.99,399.99,-25%,С 2023-12-01 по 2024-01-09
Набор конфет с символом года «Дракончик»,139.99,89.99,-36%,С 2023-11-01 по 2024-01-09
"Новогодний подарок, 500г",299.99,199.99,-33%,С 2023-11-01 по 2024-01-09
"Набор конфет Новогодний сундук, 700 г",449.99,299.99,-33%,С 2023-11-01 по 2024-01-09
"Набор конфет Новогодний Замок, 1кг",699.99,499.99,-29%,С 2023-11-01 по 2024-01-09
"Колбаса ВЛАДИМИРСКИЙ СТАНДАРТ Кремлевская с грудинкой, 0,35кг",244.99,109.99,-55%,С 2023-11-29 по 2023-12-05
"Пудинг HIGH PROTEIN молочный безлактозный ваниль 1,5%, 200г",119.99,84.99,-30%,С 2023-11-29 по 2023-12-05
Сыр Сапфир БРЕСТ-ЛИТОВСК 4 месячной выдержки,1499.99,959.9,-36%,С 2023-12-01 по 2023-12-31
"Шоколадное яйцо KINDER SURPRISE с игрушкой, 20г",115.99,89.99,-23%,С 2023-12-01 по 2024-01-09
"Конфеты шоколадные KINDER Mix Домик Кормушка для птиц, 99,7г",274.99,219.99,-20%,С 2023-12-01 по 2024-01-09
"Шоколадная фигурка с печеньем, 24г",69.99,49.99,-29%,С 2023-12-01 по 2024-01-09
"Подарочный набор конфет NUTS Nutcracker, 184г",249.99,199.99,-20%,С 2023-12-01 по 2024-01-09
"Подарочный набор NUTS Плеер, 424,6г",629.99,399.99,-37%,С 2023-12-01 по 2024-01-09
"Шоколадный батончик GOODMIX имбирный пряник/вафли, 46г",58.9,39.99,-32%,С 2023-12-01 по 2024-01-09
"Пюре ФРУТОНЯНЯ брокколи-кабачок-цветная капуста, 80г",59.7,39.8,,С 2023-11-15 по 2023-12-12
"Новогодний подарок, 500г",299.99,199.99,-33%,С 2023-12-01 по 2024-01-09
"Кофейный напиток JACOBS Классик, 3в1, растворимый, 12г",19.99,14.99,-25%,С 2023-11-15 по 2023-12-12
GRAN Нектар гранатовый без мякоти 1л(НАР):8,182.99,144.99,-21%,С 2023-04-03 по 2023-12-31
"Кофе ЛЕБО, молотый, высший сорт, 100г",159.9,95.8,,С 2023-11-29 по 2023-12-05
"НАГГЕТСЫ КУРИНЫЕ с сыром (Мираторг), 300г",239.8,119.9,,С 2023-11-29 по 2023-12-05
"Губки для посуды МАГНИТ НУЖНЫЕ ВЕЩИ Макси, 5шт.",50.0,33.33,,С 2023-11-15 по 2023-12-12
"Драже МЕЛЛЕР, Ирис с шоколадом, 38г",59.7,39.8,,С 2023-11-15 по 2023-12-12
"Резинка жевательная МЕНТОС, Пьюр вайт, ролл клубника, 16г",43.2,28.8,,С 2023-11-29 по 2023-12-05
"Драже МЕЛЛЕР, Ирис с шоколадом, 38г",59.7,39.8,,С 2023-11-15 по 2023-12-12
"Жевательная резинка ДИРОЛ Вайт Мята, 13,6г",44.7,29.8,,С 2023-11-15 по 2023-12-12
"Жевательная резинка ДИРОЛ Мята-фрукты, 13,6г",44.7,29.8,,С 2023-11-15 по 2023-12-12
"Жевательная резинка ДИРОЛ клубника, 13,6г",44.7,29.8,,С 2023-11-15 по 2023-12-12
"Леденцы ХОЛЛС Мед-лимон, 25г",52.2,34.8,,С 2023-11-15 по 2023-12-12
"Жевательная резинка ДИРОЛ Морозная мята, 14г",44.7,29.8,,С 2023-11-15 по 2023-12-12
"Жевательная резинка ДИРОЛ Колорс фруктовый рандом, 13,6г",44.7,29.8,,С 2023-11-15 по 2023-12-12
"Карамель HALLS витамин С и вкус апельсина, 25г",52.2,34.8,,С 2023-11-15 по 2023-12-12
"Пюре ФРУТОНЯНЯ, Цветная капуста, 80г",59.7,39.8,,С 2023-11-15 по 2023-12-12
"Пюре ФРУТОНЯНЯ, Цветная капуста, кукуруза, морковь, 80г",59.7,39.8,,С 2023-11-15 по 2023-12-12
"Набор конфет Новогодний Замок, 1кг",699.99,499.99,-29%,С 2023-12-01 по 2024-01-09
"Конфеты MAMBA жевательные Тропикс, 26,5г",38.7,25.8,,С 2023-11-15 по 2023-12-12
Тостер RED Magnum RT-43,1699.0,999.0,-41%,С 2023-11-13 по 2023-12-31
Кофемолка RED Magnum RCG-161,1299.0,699.0,-46%,С 2023-11-13 по 2023-12-31
"Новогодний подарок MILKA календарь, 240г",749.99,599.99,-20%,С 2023-12-01 по 2024-01-09
"Шоколад KINDER Фигурный молочный, 35г",139.99,119.99,-14%,С 2023-12-01 по 2024-01-09
"Набор подарочный OREO MILKA, 229 г",359.99,229.99,-36%,С 2023-12-01 по 2024-01-09
"Подарочнфый набор конфет NUTS, 335г",499.99,369.99,-26%,С 2023-12-01 по 2024-01-09
"Набор конфет с подарком внутри Стикерсы и Скрепыши, 300г",199.99,149.99,-25%,С 2023-11-01 по 2024-01-09
Рюкзак с конфетами в ассортименте,549.99,449.99,-18%,С 2023-11-01 по 2024-01-09
"Сумка для сменки СКРЕПЫШИ и Стикерсы с конфетами, 315 г",329.99,249.99,-24%,С 2023-11-01 по 2024-01-09
"Набор конфет с подарком внутри «Чебурашка», 150г",199.99,149.99,-25%,С 2023-11-01 по 2024-01-09
"Набор сладостей  ZOMBAKI с подарком внутри, 150 г",299.99,229.99,-23%,С 2023-11-01 по 2024-01-09
"Шоколад Дед Мороз фигурный, 60г",89.99,49.99,-45%,С 2023-12-01 по 2024-01-09
"Набор KINDER MIX, 199г",629.99,469.99,-25%,С 2023-12-01 по 2024-01-09
"Резинка жевательная МЕНТОС, Свежая мята, 16г",43.2,28.8,,С 2023-11-29 по 2023-12-05
САДЫ ПРИДОНЬЯ Пюре яблоко с 4мес 80г ст/бан(СадыПр):12,39.7,29.8,,С 2023-11-15 по 2023-12-12
"Пюре САДЫ ПРИДОНЬЯ брокколи, 80г",38.5,28.9,,С 2023-11-22 по 2023-12-05
Мельница для специй RED Magnum RKA-PM12,999.0,599.0,-40%,С 2023-11-13 по 2023-12-31
Весы кухонные RED Magnum RS-77,999.0,599.0,-40%,С 2023-11-13 по 2023-12-31
"Шоколадная плитка KINDER Новый год,150г",349.99,249.99,-29%,С 2023-12-01 по 2024-01-09
"Шоколад молочный АПРИОРИ, 36г",99.99,59.99,-40%,С 2023-12-01 по 2024-01-09
"Конфеты KONFESTA Ассорти, 234г",249.99,199.99,-20%,С 2023-12-01 по 2024-01-09
"Леденец LENCO Новогодняя карамель Тросточка со вкусом клубники, 20г",44.99,24.99,-45%,С 2023-12-01 по 2024-01-09
"Набор KINDER Mix Choco & Friends Адвент-календарь, 295г",1199.99,999.99,-17%,С 2023-12-01 по 2024-01-09
"Пряники НАСЛАДА имбирные, 340г",109.8,54.9,,С 2023-11-29 по 2023-12-05
"Вино КАХУРИ Мукузани красное сухое (Грузия), 0,75л",599.99,379.99,-37%,С 2023-11-15 по 2023-12-12
"Вино VINAS DEL VERO LUCES белое сухое 0,75л (Испания):6",799.99,579.99,-28%,С 2023-11-15 по 2023-12-12
"Вино ТАМАНСКИЕ ХОЛМЫ белое полусладкое, 0,7л",299.99,249.99,-17%,С 2023-11-15 по 2023-12-12
"Чай AHMAD TEA черный Персик-маракуйя, 25пакетиков",151.99,109.99,-28%,С 2023-11-15 по 2023-12-12
"Чай черный AHMAD Tea Высокогорный, 200г",421.99,299.99,-29%,С 2023-11-15 по 2023-12-12
"Чай AKBAR черный малина-черника-вербена, 25пакетиков",136.99,79.99,-42%,С 2023-11-15 по 2023-12-12
"Чай AKBAR черный яблоко-шиповник-шалфей, 25пакетиков",136.99,79.99,-42%,С 2023-11-15 по 2023-12-12
"Лакомство для собак ТИТБИТ Классик гематоген мясной, 35г",49.99,42.99,-14%,С 2023-11-15 по 2023-12-12
"Чай черный ПРИНЦЕССА НУРИ, 100г",88.99,69.99,-21%,С 2023-11-15 по 2023-12-12
"Мёд МЕДОВЫЙ ДОМ цветочный восточная липа, 250г",209.99,139.99,-33%,С 2023-11-15 по 2023-12-12
"Икра кабачковая КУХМАСТЕР, 400г",89.99,64.99,-28%,С 2023-11-15 по 2023-12-12
"Варенье МЕДОВЫЙ ДОМ Абрикосовое, 300г",179.99,109.99,-39%,С 2023-11-15 по 2023-12-12
"Чай BETA TEA черный, цветущий апельсин, 90г",169.99,109.99,-35%,С 2023-11-15 по 2023-12-12
"Набор конфет Новогодний Сундук, 700г",449.99,299.99,-33%,С 2023-12-01 по 2024-01-09
"Новогодний подарок АЛЕНКА Фонарик, 350г",589.99,349.99,-41%,С 2023-12-01 по 2024-01-09
"Новогодний подарок БАРНИ Picnic/Oreo ассорти бисквитов, 370г",599.99,389.99,-35%,С 2023-12-01 по 2024-01-09
"Новогодний набор MILKA печенье/вафли, 142г",364.99,219.99,-40%,С 2023-12-01 по 2024-01-09
"Конфета KONFESTA с кокосовой начинкой, 150г",149.99,99.99,-33%,С 2023-12-01 по 2024-01-09
"Напиток кофейный NESCAFE® 3 в 1 Классический, 14,5г",17.9,11.4,,С 2023-11-29 по 2023-12-05
"Напиток кофейный NESCAFE® 3 в 1 Мягкий сливочный, 14,5г",17.9,11.4,,С 2023-11-29 по 2023-12-05
"Блинчики С ПЫЛУ С ЖАРУ, с курицей, 360г",189.8,94.9,,С 2023-11-29 по 2023-12-05
"Лазанья ЗОЛОТОЙ ПЕТУШОК, мясная, 370г",239.8,119.9,,С 2023-11-29 по 2023-12-05
"Чебурек ЖАРЕНКИ Вкусный, с мясом, 85г",37.8,18.9,,С 2023-11-29 по 2023-12-05
"Чебупицца куриная ГОРЯЧАЯ ШТУЧКА, 250г",209.8,104.9,,С 2023-11-29 по 2023-12-05
"Хотстеры ГОРЯЧАЯ ШТУЧКА, 250г",209.8,104.9,,С 2023-11-29 по 2023-12-05
"ВАНИЛИН Кристаллический (Саратов Лавр), 1г",2.7,1.8,,С 2023-11-29 по 2023-12-05
"Пюре САДЫ ПРИДОНЬЯ тыква, 80г",38.5,28.9,,С 2023-11-22 по 2023-12-05
"Кофе JACOBS Монарх растворимый сублимированный, 1,8г",17.99,12.99,-28%,С 2023-11-15 по 2023-12-12
"Кофе ЖОКЕЙ, Триумф, сублимированный, 150г",358.99,269.99,-25%,С 2023-11-15 по 2023-12-12
"Кофе JOCKEY Триумф растворимый, 95г",278.99,209.99,-25%,С 2023-11-15 по 2023-12-12
"Ягода протертая СИБИРСКАЯ ЯГОДА, Брусника, 280г",99.99,89.99,-10%,С 2023-11-15 по 2023-12-12
"Икра свекольная КУХМАСТЕР, 400г",76.99,64.99,-16%,С 2023-11-15 по 2023-12-12
"Фасоль с грибами СЕМЕЙНЫЕ СЕКРЕТЫ, 530г",119.99,99.99,-17%,С 2023-11-15 по 2023-12-12
"Индейка СТОЛЕТОВСКИЙ МД тушеная ГОСТ, 325г",149.99,129.99,-13%,С 2023-11-15 по 2023-12-12
"Закуска МАГНИТ Венгерская, 520г",119.99,99.99,-17%,С 2023-11-15 по 2023-12-12
"Плов МАГНИТ Узбекский с говядиной, 325г",129.99,109.99,-15%,С 2023-11-15 по 2023-12-12
"Чай BETA TEA черный, фруктовый микс, 90г",169.99,109.99,-35%,С 2023-11-15 по 2023-12-12
"Пюре САДЫ ПРИДОНЬЯ кабачок, 80г",38.5,28.9,,С 2023-11-22 по 2023-12-05
"Конфеты MILKA молочный шоколад с клубничной начинкой, 110г",299.99,189.99,-37%,С 2023-12-01 по 2024-01-09
"Набор конфет Символ года Дракончик, 150г",139.99,89.99,-36%,С 2023-12-01 по 2024-01-09
"Набор конфет СКРЕПЫШИ Стикерсы с подарком внутри, 300г",199.99,149.99,-25%,С 2023-12-01 по 2024-01-09
"Рюкзак с конфетами, 330г",549.99,449.99,-18%,С 2023-12-01 по 2024-01-09
"Сумка для сменки СКРЕПЫШИ Стикерсы с конфетами, 315г",329.99,249.99,-24%,С 2023-12-01 по 2024-01-09
"Набор конфет с подарком внутри Чебурашка, 150г",199.99,149.99,-25%,С 2023-12-01 по 2024-01-09
"Набор сладостей ZOMBAKI с подарком внутри, 150г",299.99,229.99,-23%,С 2023-12-01 по 2024-01-09
"Конфеты BOUNTY Minis Mix, 220г",429.99,299.99,-30%,С 2023-12-01 по 2024-01-09
Блендерный набор RED Magnum RHB-299,2999.0,999.0,-67%,С 2023-11-13 по 2023-12-31
Мультиварка RED Magnum RMC-М521,3999.0,1999.0,-50%,С 2023-11-13 по 2023-12-31
Чайник RED Magnum электрический стеклянный RK-G19,1999.0,999.0,-50%,С 2023-11-13 по 2023-12-31
Пылесос-робот RED Magnum RV-R56S,6499.0,3999.0,-38%,С 2023-11-13 по 2023-12-31
Гриль RED Magnum RGM-M82,5499.0,2999.0,-45%,С 2023-11-13 по 2023-12-31
Электроштопор RED Magnum RKA-WO11,999.0,599.0,-40%,С 2023-11-13 по 2023-12-31
"Дезодорант OLD SPICE®, Вайт Вотер, твердый, 50мл",486.99,299.99,-38%,С 2023-09-20 по 2023-12-31
"Какао-напиток ХРУТКА, 500г",296.99,219.99,-26%,С 2023-11-15 по 2023-12-12
"Чизкейк ROCKNCREAM Нью-Йорк классический, 70г",113.99,79.99,-30%,С 2023-10-10 по 2023-12-31
"Трусики-подгузники HUGGIES унисекс 4 (9-14кг), 38шт.",1776.99,899.99,-49%,С 2023-11-15 по 2023-12-12
"Кофе EGOISTE Вельвет, молотый, 200г",661.99,479.99,-27%,С 2023-11-15 по 2023-12-12
"Мешки для мусора НУЖНЫЕ ВЕЩИ Магнит 35л, 30шт.",130.0,86.66,,С 2023-11-15 по 2023-12-12
"Туалетная бумага AURA Влажная, 42шт.",149.8,74.9,,С 2023-11-15 по 2023-12-12
"Щетка зубная ORAL-B®, 1-2-3, Средней жесткости, 1штука",95.99,69.99,-27%,С 2023-09-20 по 2023-12-31
"Трусики-подгузники HUGGIES унисекс 5 (13-17), 34шт.",1776.99,899.99,-49%,С 2023-11-15 по 2023-12-12
"Пюре САДЫ ПРИДОНЬЯ цветная капуста, 80г",38.5,28.9,,С 2023-11-22 по 2023-12-05
"Сосиски ВЯЗАНКА МОЛОКУШИ Молочные, 450г",285.7,139.99,-51%,С 2023-11-29 по 2023-12-05
"Молоко ПРОСТОКВАШИНО пастеризованное 2,5%, 0,93л",81.2,64.99,-20%,С 2023-11-29 по 2023-12-05
"ДРОЖЖИ Быстродействующие (Турция), 11г",17.7,11.8,,С 2023-11-29 по 2023-12-05
"Резинка жевательная МЕНТОС Нежная мята, 15,5г",43.2,28.8,,С 2023-11-29 по 2023-12-05
"Кофейный напиток NESCAFE® 3в1 Крепкий, 14,5г",17.9,11.4,,С 2023-11-29 по 2023-12-05
"Котлеты ДОМИЛЛЕ сочные, 560г",299.8,149.9,,С 2023-11-29 по 2023-12-05
"Жевательная резинка МЕНТОС виноград, 15,5г",43.2,28.8,,С 2023-11-29 по 2023-12-05
"Резинка жевательная МЕНТОС, Тутти фрутти, 16г",43.2,28.8,,С 2023-11-29 по 2023-12-05
"Резинка жевательная МЕНТОС арбуз, 15,5г",43.2,28.8,,С 2023-11-29 по 2023-12-05
"Вино ТОРРЕ ТАЛЛАДА, белое сухое, 0,75л",499.99,339.99,-32%,С 2023-11-15 по 2023-12-12
"Зубная щетка ORAL-B black всесторонняя чистка, средней жесткости",119.99,99.99,-17%,С 2023-09-20 по 2023-12-31
"Кислота лимонная БАКАЛЕЯ 101, 80г",74.7,49.8,,С 2023-11-22 по 2023-12-05
"Ванилин ХААС, 1,5г",7.2,4.8,,С 2023-11-22 по 2023-12-05
"Паста зубная BLEND-A-MED® Комплекс, 3D Вайт, Нежная мята, 100мл",242.99,199.99,-18%,С 2023-09-20 по 2023-12-31
"Мыло SAFEGUARD®, Классическое белое/Антибактериальное алоэ, 90г",108.99,78.99,-28%,С 2023-09-20 по 2023-12-31
"Жевательная резинка ДИРОЛ кокос-клубника, 13,6г",44.7,29.8,,С 2023-11-15 по 2023-12-12
"Жевательная резинка DIROL® клубника-черешня, 13,6г",44.7,29.8,,С 2023-11-15 по 2023-12-12
"Леденцы ХОЛЛС Ментол экстра, 24,5г",52.2,34.8,,С 2023-11-15 по 2023-12-12
"Жевательная резинка DIROL® со вкусом мяты, 13,6г",44.7,29.8,,С 2023-11-15 по 2023-12-12
"Резинка жевательная ДИРОЛ, Арбузно-дынный коктейль, 14г",44.7,29.8,,С 2023-11-15 по 2023-12-12
"Леденцы ХОЛЛС Колорс, 25г",52.2,34.8,,С 2023-11-15 по 2023-12-12
"Пюре ФРУТОНЯНЯ, Брокколи, 80г",59.7,39.8,,С 2023-11-15 по 2023-12-12
"Пюре ФРУТОНЯНЯ, Тыква, 80г",59.7,39.8,,С 2023-11-15 по 2023-12-12
"Конфеты МАМБА, жевательные, 26,5г",38.7,25.8,,С 2023-11-15 по 2023-12-12
"Пюре ФРУТОНЯНЯ, Кабачок, 80г",59.7,39.8,,С 2023-11-15 по 2023-12-12
"Пюре ФРУТОНЯНЯ морковь, 80г",59.7,39.8,,С 2023-11-15 по 2023-12-12
"Разрыхлитель для текста DR.OETKER, Д-р Эткер, 10г",13.2,8.8,,С 2023-11-15 по 2023-12-12
"Пюре САДЫ ПРИДОНЬЯ груша, с 4мес, 80г",46.5,34.9,,С 2023-11-15 по 2023-12-12
"Жевательная резинка ДИРОЛ Арбузная свежесть, 13,6г",44.7,29.8,,С 2023-11-15 по 2023-12-12
"Плод алк прод АРМЕНИЯ Гранат крас п/сл 0,75л (Армения):6",399.99,329.99,-18%,С 2023-11-15 по 2023-12-12
"Печенье MULINO BIANCO Галлетти, сахарное, 350г",265.99,169.99,-36%,С 2023-04-02 по 2024-01-30
"Вино КАХУРИ Цинандали белое сухое (Грузия), 0,75л",459.99,339.99,-26%,С 2023-11-15 по 2023-12-12
"Вино ШЕВАЛЬЕ ЛАКАССАН белое сухое (Франция), 0,75л",599.99,439.99,-27%,С 2023-11-15 по 2023-12-12
"Вино ШЕВАЛЬЕ ЛАКАССАН красное сухое (Франция), 0,75л",599.99,439.99,-27%,С 2023-11-15 по 2023-12-12
"Вино ТОРРЕ ТАЛЛАДА, красное полусладкое, 0,75л",499.99,329.99,-34%,С 2023-11-15 по 2023-12-12
"Вино ЛЮСЬЕН РИГИ, красное сухое (Франция), 0,75л",699.99,549.99,-21%,С 2023-11-15 по 2023-12-12
"Вино ТОРРЕ ТАЛЛАДА, белое полусладкое, 0,75л",499.99,339.99,-32%,С 2023-11-15 по 2023-12-12
"Вино ШЕВАЛЬЕ ЛАКАССАН белое полусладкое (Франция), 0,75л",599.99,439.99,-27%,С 2023-11-15 по 2023-12-12
"Вино ТОРРЕ ТАЛЛАДА, красное сухое, 0,75л",499.99,329.99,-34%,С 2023-11-15 по 2023-12-12
"Вино ШЕВАЛЬЕ ЛАКАССАН красное полусладкое (Франция), 0,75л",599.99,439.99,-27%,С 2023-11-15 по 2023-12-12
"Вино ХАРЕБА Саперави Гвираби красное сухое (Грузия), 0,75л",499.99,379.99,-24%,С 2023-11-15 по 2023-12-12
"Вино МАР ЛИНДО белое сухое (Португалия), 0,75л",699.99,499.99,-29%,С 2023-11-15 по 2023-12-12
"Вино АЛАЗАНСКАЯ ДОЛИНА Болеро красное полусладкое (Грузия), 0,75л",449.99,299.99,-33%,С 2023-11-15 по 2023-12-12
"Вино РИСЛИНГ , белое сухое (Сербия), 1л",449.99,299.99,-33%,С 2023-11-15 по 2023-12-12
